coef;feature;intercept;max_error;mse;pearson;r2;smape;target
-0.012107520250999365;total_turnover_ret_rolling_7;0.3610856065677856;8.648699808436035;1.0041118735200623;0.07468144035514494;-0.031422600808191925;169.76407151541724;target_ret_prod_rolling_7
0.042129337326274906;total_quantity_ret_rolling_7;0.36712625137487703;8.558142707673383;0.9906739373014464;0.0492346219361553;-0.017619167655359647;167.97944536363235;target_ret_prod_rolling_7
0.08808677554297097;qty_p1_ret_prod_rolling_7;0.36420246126943445;8.665142425466335;0.9679619249820965;0.2016468903914261;0.005710586163693798;168.31823390026835;target_ret_prod_rolling_7
0.046931872515329966;qty_p2_ret_prod_rolling_7;0.3619384294124885;8.592845929771526;0.9978939324350361;0.055394132747207364;-0.025035538634425425;169.20160056499438;target_ret_prod_rolling_7
0.014194549555530558;qty_p3_ret_prod_rolling_7;0.36095355953880426;8.64377504073456;1.0035219486645275;-0.02254031557558639;-0.030816630652053645;169.7770028589186;target_ret_prod_rolling_7
0.04800123803768865;qty_speed_ret_prod_p1p2_rolling_7;0.3615774845273191;8.678297837829186;0.9899089241701242;0.13825741792450696;-0.01683334701687378;169.55434394647895;target_ret_prod_rolling_7
0.02963159560719814;qty_speed_ret_prod_p2p3_rolling_7;0.36099812166929324;8.608153072446061;0.9993514347924222;0.06361424867014463;-0.026532683436497173;169.60470993146694;target_ret_prod_rolling_7
0.020544340999272766;qty_acc_ret_prod_p1p3_rolling_7;0.3608571343501401;8.661358838964693;1.0002749124751626;0.06530779203036664;-0.027481278686129595;169.84962924063765;target_ret_prod_rolling_7
0.07496179677158094;qty_p1_ret_prod_rolling_3;0.36270029851598246;8.649617130712954;0.9826024039803036;0.15201226160201523;-0.009328097596185803;169.0794711770232;target_ret_prod_rolling_7
0.03466091846853386;qty_p2_ret_prod_rolling_3;0.361640366474256;8.649629963640827;0.9913879395725255;0.14801578748183386;-0.018352589994881985;169.31192865861325;target_ret_prod_rolling_7
0.037616024095605174;qty_p3_ret_prod_rolling_3;0.36175293391762964;8.650029128353955;0.9960178586224075;0.08125864606311774;-0.023108437698604378;169.32277392053192;target_ret_prod_rolling_7
0.04982337802468118;qty_speed_ret_prod_p1p2_rolling_3;0.36119417613634897;8.638065105099738;0.9994732448217842;0.052207864161442026;-0.026657806563314516;169.8038088842426;target_ret_prod_rolling_7
-0.0002891383624399991;qty_speed_ret_prod_p2p3_rolling_3;0.36068928190710026;8.63930543676703;1.0030186683265576;0.05019408904754986;-0.030299661648087284;169.85548281307322;target_ret_prod_rolling_7
0.038003825628996034;qty_acc_ret_prod_p1p3_rolling_3;0.3609691090562821;8.638283192315235;1.0033090624338086;0.010682254416611548;-0.030597954152397744;169.86522398048936;target_ret_prod_rolling_7
0.04726067933475352;qty_p1_ret_prod_rolling_1;0.3612821596815081;8.637862626520988;0.9971327979142721;0.07806665196699701;-0.02425370210039546;169.71258096668197;target_ret_prod_rolling_7
0.0601118634149158;qty_p2_ret_prod_rolling_1;0.3619408077062026;8.653411172546381;0.9912519070762046;0.10808184871536887;-0.018212857565807372;169.1680212836;target_ret_prod_rolling_7
0.03351551269867645;qty_p3_ret_prod_rolling_1;0.3614708770476015;8.645747317853669;0.9940832470134221;0.12022258040054007;-0.021121206803407233;169.52297817135533;target_ret_prod_rolling_7
0.01777836676879049;qty_speed_ret_prod_p1p2_rolling_1;0.3607229078661121;8.636909466728257;1.0027740748916638;0.013257006941385647;-0.03004841554353299;169.90777913254476;target_ret_prod_rolling_7
0.026176665892339836;qty_speed_ret_prod_p2p3_rolling_1;0.3607150694049252;8.640845785557742;1.003647306802301;0.001464397268116039;-0.030945398391889034;169.7835731065005;target_ret_prod_rolling_7
0.002884891280360986;qty_acc_ret_prod_p1p3_rolling_1;0.36069230544656466;8.638934261119962;1.0029367813079684;0.009000057657919615;-0.030215547393577458;169.86554315121109;target_ret_prod_rolling_7
0.1961436159079666;qty_p1_ret_style_rolling_7;0.36430306745279983;8.641821038170667;0.9466127191153212;0.23641930889018611;0.02764046670888076;167.73294600994592;target_ret_prod_rolling_7
0.059250578825340294;qty_p2_ret_style_rolling_7;0.36270439660363407;8.666573854727174;0.9928225713297137;0.0864127929683207;-0.019826242141842254;168.8447152118343;target_ret_prod_rolling_7
0.038002107316362804;qty_p3_ret_style_rolling_7;0.36219484351044273;8.64504447071641;1.0000301662593043;0.027817693801372907;-0.027229875645138124;169.28563574091632;target_ret_prod_rolling_7
0.1499269492117895;qty_speed_ret_style_p1p2_rolling_7;0.35994297834447414;8.594541053800853;0.9768537273777627;0.17849578816260633;-0.0034230633774270376;170.0159321023073;target_ret_prod_rolling_7
0.03029259912636642;qty_speed_ret_style_p2p3_rolling_7;0.36074818669903697;8.650173956011992;0.9995171909265085;0.07418660359397179;-0.026702947953258557;169.69532436641305;target_ret_prod_rolling_7
0.10222322073803858;qty_acc_ret_style_p1p3_rolling_7;0.36020409876368786;8.598172687234545;0.9963097556900582;0.08792940096858448;-0.0234082740421675;170.27220987108376;target_ret_prod_rolling_7
0.18045428293768628;qty_p1_ret_style_rolling_3;0.3614096787668667;8.650754651259223;0.96001751551122;0.2351258041362382;0.013871074745121725;168.75798045705736;target_ret_prod_rolling_7
0.09947457283844456;qty_p2_ret_style_rolling_3;0.3633398250524393;8.619151082953545;0.9745052508896366;0.1808468489078939;-0.001010710938222914;168.45063235239996;target_ret_prod_rolling_7
0.0681596657133734;qty_p3_ret_style_rolling_3;0.36275233229390796;8.667965303508554;0.9883958115109509;0.11685934577151824;-0.015279079374594717;168.79289197436225;target_ret_prod_rolling_7
0.11412401297737677;qty_speed_ret_style_p1p2_rolling_3;0.35934171948931254;8.6596106618736;0.9981460442632283;0.08773584811095513;-0.025294507624222362;170.2449888004253;target_ret_prod_rolling_7
0.039880213300959554;qty_speed_ret_style_p2p3_rolling_3;0.36069590329878;8.617281820094902;0.9994125400638875;0.07148594942945323;-0.02659545070345226;169.86309084327732;target_ret_prod_rolling_7
0.07063375799274546;qty_acc_ret_style_p1p3_rolling_3;0.3600559648246612;8.666486220415614;1.0045895593762717;0.019383925383001502;-0.03191327918893205;170.0875203410588;target_ret_prod_rolling_7
0.1723056967263883;qty_p1_ret_style_rolling_1;0.35936374939892274;8.583994583906742;0.9758016934057425;0.19329715842143438;-0.0023424152502860007;169.83578324191706;target_ret_prod_rolling_7
0.128335166800983;qty_p2_ret_style_rolling_1;0.36104654131753955;8.682427347772412;0.9791098103413142;0.1810526830036979;-0.005740509290846907;169.15021052341993;target_ret_prod_rolling_7
0.11479098108579935;qty_p3_ret_style_rolling_1;0.3635401816051515;8.679426140754645;0.9766428170240005;0.15710701231176577;-0.0032064164963856445;168.46583490435182;target_ret_prod_rolling_7
0.092727272823346;qty_speed_ret_style_p1p2_rolling_1;0.35961687026279066;8.576269822222608;1.0034218145261604;0.04564777051189574;-0.030713772976382447;170.38919136386534;target_ret_prod_rolling_7
0.0651531929729216;qty_speed_ret_style_p2p3_rolling_1;0.3597069881850708;8.646266021253764;1.0043690062648354;0.02979013579814161;-0.03168672727792199;170.20223286126102;target_ret_prod_rolling_7
0.029513599567262693;qty_acc_ret_style_p1p3_rolling_1;0.36071096229729005;8.6230612443302;1.0030162785053778;0.011641881961559176;-0.03029720682642667;169.89287843505934;target_ret_prod_rolling_7
-0.5794831883637694;total_turnover_ret_rolling_7;3.4680244431806577;32.47034102766487;31.29931509744468;0.08207040679439316;-0.03386601900008657;107.38060766909689;target_ret_style_rolling_7
0.10732575039458128;total_quantity_ret_rolling_7;3.4654568313414362;32.508068807277176;30.49551603711321;0.032211443824154536;-0.007315261196163991;106.15236060218858;target_ret_style_rolling_7
1.6743924244070063;qty_p1_ret_prod_rolling_7;3.5158375539634847;33.04196304371518;28.445806563548786;0.26116390344443857;0.06038989359534841;107.13399583953742;target_ret_style_rolling_7
0.17820922165994293;qty_p2_ret_prod_rolling_7;3.453801634691484;32.61722213207726;30.488811735844532;0.06182220069010725;-0.0070938074921054195;106.03107809947944;target_ret_style_rolling_7
-0.16514300625035255;qty_p3_ret_prod_rolling_7;3.445984623675939;32.49900163591302;30.730451412948305;0.02960906901078571;-0.015075549272140165;106.45432745729416;target_ret_style_rolling_7
1.2976863268704861;qty_speed_ret_prod_p1p2_rolling_7;3.473069066495238;32.59708003253245;29.612025592876947;0.18516864225655605;0.021867829410241457;107.76377443598666;target_ret_style_rolling_7
0.2565930115607924;qty_speed_ret_prod_p2p3_rolling_7;3.4517324764887096;32.57910522171387;30.573017957429197;0.03483765539061698;-0.009875272543776292;106.12351389024855;target_ret_style_rolling_7
0.8083513765681944;qty_acc_ret_prod_p1p3_rolling_7;3.455660717469947;32.5292718942649;30.277857783633177;0.11199470995276174;-0.0001256638734326021;107.17466795788673;target_ret_style_rolling_7
1.629828410549884;qty_p1_ret_prod_rolling_3;3.4927810890213977;32.77502594025019;29.062429161351535;0.2241952104167764;0.04002187121431344;108.79365064751205;target_ret_style_rolling_7
0.4445873503547422;qty_p2_ret_prod_rolling_3;3.461257186203984;32.68330465534205;29.99733555955171;0.14461760248761296;0.00914043010176202;105.69371939088789;target_ret_style_rolling_7
0.16829091135990673;qty_p3_ret_prod_rolling_3;3.4538170338392087;32.59889491658768;30.44113291296161;0.08471197808373068;-0.005518900352728284;106.07383096384275;target_ret_style_rolling_7
1.223495099529266;qty_speed_ret_prod_p1p2_rolling_3;3.4614556666880802;32.520354764203844;30.475437702814098;0.11769221083054589;-0.006652041969629873;108.01482696533944;target_ret_style_rolling_7
0.21653329901248772;qty_speed_ret_prod_p2p3_rolling_3;3.4491028831343535;32.5548522575947;30.553145479558225;0.04503483539166862;-0.009218853081556011;106.19835410465488;target_ret_style_rolling_7
0.830719963045143;qty_acc_ret_prod_p1p3_rolling_3;3.4551740168590612;32.528482150204624;30.797141392362253;0.05879924914322253;-0.01727842506380628;107.4190817857436;target_ret_style_rolling_7
1.3248157527085054;qty_p1_ret_prod_rolling_1;3.4656765567717147;32.51035001062393;29.85167180475903;0.16170898342160728;0.0139519349481545;110.39582674101645;target_ret_style_rolling_7
0.8633377968754269;qty_p2_ret_prod_rolling_1;3.467032407100492;32.75345559736305;29.851965301976;0.14961341399152506;0.013942240269585461;105.44453329978406;target_ret_style_rolling_7
0.4896993581476963;qty_p3_ret_prod_rolling_1;3.460477729963865;32.6449882207413;30.261718688409825;0.09787021738289668;0.00040743603871817857;105.97008639150751;target_ret_style_rolling_7
0.8522092081973566;qty_speed_ret_prod_p1p2_rolling_1;3.4506676416680464;32.435839808736084;30.693373084481806;0.06528334217720008;-0.013850793275930862;107.10466003774397;target_ret_style_rolling_7
0.3705582047802887;qty_speed_ret_prod_p2p3_rolling_1;3.4494228213968543;32.57267272030686;30.54802735726825;0.05087989451627504;-0.009049793384875215;106.30849851316826;target_ret_style_rolling_7
0.5196130589684479;qty_acc_ret_prod_p1p3_rolling_1;3.44959254659526;32.48314637843487;30.754368605552667;0.024190607861247205;-0.01586557207700179;106.77371449107613;target_ret_style_rolling_7
3.3402648997513973;qty_p1_ret_style_rolling_7;3.510599248581866;32.59369236938256;18.550751781535226;0.6330358118647663;0.3872392467974359;95.36731337637427;target_ret_style_rolling_7
0.992804792664119;qty_p2_ret_style_rolling_7;3.4828229516331795;33.00776446233516;27.68041536392161;0.33240837753741365;0.08567197884458289;103.19443447180943;target_ret_style_rolling_7
0.6265220067883386;qty_p3_ret_style_rolling_7;3.4738790863530014;32.79774733743323;28.644810748404325;0.29118254916568714;0.05381646974500509;104.82019738721262;target_ret_style_rolling_7
2.56273031381435;qty_speed_ret_style_p1p2_rolling_7;3.4363008876260603;31.785685878615727;26.264099615505394;0.38313921828073727;0.13245513431950096;106.1743996034646;target_ret_style_rolling_7
0.5151891916547389;qty_speed_ret_style_p2p3_rolling_7;3.4500594032719176;32.62764159446732;30.397075484282237;0.08378907836191958;-0.004063613607497185;105.58724753761793;target_ret_style_rolling_7
1.7485230406646288;qty_acc_ret_style_p1p3_rolling_7;3.440758564713701;32.02556969225696;29.069524874867977;0.23122710342888592;0.03978748854292369;108.26302120531804;target_ret_style_rolling_7
3.291701410074352;qty_p1_ret_style_rolling_3;3.4621984289489123;31.52165550822346;21.007346917937607;0.5914282179581614;0.306094013233694;96.7675531939696;target_ret_style_rolling_7
1.3889369759798307;qty_p2_ret_style_rolling_3;3.48606661194934;33.10963338727122;25.291526631807592;0.4845808657286325;0.16458076249098674;101.41671003287559;target_ret_style_rolling_7
1.075246976442189;qty_p3_ret_style_rolling_3;3.481603151453813;33.002980284723;26.837493103701508;0.4004703357499866;0.11351503799099405;102.76720998084407;target_ret_style_rolling_7
2.305035512842743;qty_speed_ret_style_p1p2_rolling_3;3.42183983706628;31.332771549358966;29.75268297764399;0.19475081472882738;0.017221692905997732;106.4045225488803;target_ret_style_rolling_7
0.4609585482076439;qty_speed_ret_style_p2p3_rolling_3;3.4491344597066047;32.566347249621;30.336934202428367;0.1008109328191049;-0.002077051682604081;105.88817569268105;target_ret_style_rolling_7
1.5759299782329208;qty_acc_ret_style_p1p3_rolling_3;3.4349271715664025;31.899848370009778;30.990607049990462;0.07453003524515069;-0.023668902575617604;107.13281973581226;target_ret_style_rolling_7
3.425046917268061;qty_p1_ret_style_rolling_1;3.4227088505525733;29.120429331078192;23.44778558075578;0.5058921887042584;0.22548245361692432;103.2556649839398;target_ret_style_rolling_7
2.242124742161278;qty_p2_ret_style_rolling_1;3.4552992026933116;33.30422669185524;25.810728783995426;0.42556320531031855;0.14743069193936187;101.75997837382715;target_ret_style_rolling_7
1.6445857479285855;qty_p3_ret_style_rolling_1;3.4899019902541437;33.12566728814597;26.015213549858437;0.4011539411437543;0.14067623580603217;102.16549733562064;target_ret_style_rolling_7
2.127683022684105;qty_speed_ret_style_p1p2_rolling_1;3.424450122728735;29.397517413322245;30.540317439677914;0.1580801533727489;-0.008795122578785008;107.36978161737387;target_ret_style_rolling_7
1.3879315289807463;qty_speed_ret_style_p2p3_rolling_1;3.4281319527957606;32.69910859743337;31.466814358224113;0.04341281460704453;-0.03939878524076468;108.76395117096462;target_ret_style_rolling_7
0.7426752525779037;qty_acc_ret_style_p1p3_rolling_1;3.449602683192441;31.71546391428516;30.50562687678095;0.07351992352659559;-0.0076492382663808645;106.16503104160084;target_ret_style_rolling_7
-0.017055260969370416;total_turnover_ret_rolling_7;0.18154817828167402;4.828858936940168;0.44167297413491363;0.04706939365011338;-0.024353188787657794;188.17234131408713;target_ret_prod_rolling_3
0.017687933175837917;total_quantity_ret_rolling_7;0.18369250499475812;4.824720575572053;0.43790931800862354;0.03639092046650807;-0.01562430252963698;187.47890062992985;target_ret_prod_rolling_3
0.05985204540581093;qty_p1_ret_prod_rolling_7;0.18337702754784269;4.836561850706146;0.4288004680846566;0.1647969784797248;0.005501462487068842;187.12898997553685;target_ret_prod_rolling_3
0.019801987155307545;qty_p2_ret_prod_rolling_7;0.18151700719597164;4.826374906051705;0.4390206525955065;0.0646285047127527;-0.018201773179982395;187.96691132215634;target_ret_prod_rolling_3
0.00135342353002559;qty_p3_ret_prod_rolling_7;0.18101517147964288;4.821819590559936;0.4410133732915405;-0.03081730506173095;-0.02282340483707812;188.2394913336419;target_ret_prod_rolling_3
0.03913791130819791;qty_speed_ret_prod_p1p2_rolling_7;0.18171412843117413;4.82040155172916;0.4364181449437362;0.10108288092280404;-0.012165888785749868;187.95004181690072;target_ret_prod_rolling_3
0.015551620791533084;qty_speed_ret_prod_p2p3_rolling_7;0.1811520368219203;4.8207169781820856;0.4393258445529969;0.07720290096604085;-0.018909591799538994;188.09434166436256;target_ret_prod_rolling_3
0.020750112356742425;qty_acc_ret_prod_p1p3_rolling_7;0.18115945267821515;4.818453772450748;0.4403446280111496;0.032799151859446866;-0.021272412585861433;188.23564693785107;target_ret_prod_rolling_3
0.05266888130198985;qty_p1_ret_prod_rolling_3;0.18240289686752087;4.826251447691233;0.4346829640730277;0.11109493967257295;-0.008141558201532062;187.65253699091608;target_ret_prod_rolling_3
0.02161966210771273;qty_p2_ret_prod_rolling_3;0.18158317851205302;4.8254466620027525;0.43678772897132256;0.13011717895448466;-0.013023049172175227;187.9072616786179;target_ret_prod_rolling_3
0.012633117198980456;qty_p3_ret_prod_rolling_3;0.18134718006774722;4.822609755230474;0.4393020262778733;0.07840381307095982;-0.018854351095436428;188.0585303886715;target_ret_prod_rolling_3
0.036246804088837875;qty_speed_ret_prod_p1p2_rolling_3;0.1813572492903148;4.8885214520318945;0.4407038806387507;0.0260364642341943;-0.02210561179933901;188.17811680392603;target_ret_prod_rolling_3
0.007410888373868413;qty_speed_ret_prod_p2p3_rolling_3;0.1809914940265894;4.819143871326359;0.44061081186208323;0.038872770814055095;-0.021889761376653327;188.238617353188;target_ret_prod_rolling_3
0.024153992941019057;qty_acc_ret_prod_p1p3_rolling_3;0.18116779018430912;4.904718807693202;0.441527439762302;-0.0017269498236111343;-0.024015657158164453;188.23273598518304;target_ret_prod_rolling_3
0.04461615044331658;qty_p1_ret_prod_rolling_1;0.18154962550777995;4.81764301522469;0.4386255372539165;0.06465056798505724;-0.017285399111839794;188.05511078141632;target_ret_prod_rolling_3
0.0347060335653166;qty_p2_ret_prod_rolling_1;0.18171252238271166;4.827151058143192;0.4380901409043589;0.07286314482329202;-0.016043677317544303;187.7933021708511;target_ret_prod_rolling_3
0.002682718767782135;qty_p3_ret_prod_rolling_1;0.1810525360836398;4.819525237770075;0.44060062372999176;0.08002717536715036;-0.021866132478788103;188.22421950996838;target_ret_prod_rolling_3
0.02627520096807809;qty_speed_ret_prod_p1p2_rolling_1;0.18103958821874533;4.847810532373771;0.44092115029336526;0.019455028172364216;-0.022609515992180192;188.31315890148974;target_ret_prod_rolling_3
0.02589297162723684;qty_speed_ret_prod_p2p3_rolling_1;0.1810154282854223;4.876398739898154;0.4416553141700498;0.0017145819264289851;-0.024312230788455787;188.10343540534683;target_ret_prod_rolling_3
0.009781275291684054;qty_acc_ret_prod_p1p3_rolling_1;0.181000029662112;4.836380416407688;0.44088720190555525;0.013408107547697527;-0.02253078095213068;188.2906308796315;target_ret_prod_rolling_3
0.11675013298957329;qty_p1_ret_style_rolling_7;0.18314096917352285;4.693008055655241;0.4259883670344767;0.17457840138263367;0.012023447862305027;186.6853587480745;target_ret_prod_rolling_3
0.02349164079211197;qty_p2_ret_style_rolling_7;0.18178890700196312;4.829819319903499;0.43783931017735883;0.09032744202712278;-0.015461936368708516;187.89637774514654;target_ret_prod_rolling_3
0.009706837284125004;qty_p3_ret_style_rolling_7;0.18137452761850142;4.8228338377209345;0.4403181271989243;0.027067024746149804;-0.02121095038849341;188.1237770105218;target_ret_prod_rolling_3
0.09615548284405438;qty_speed_ret_style_p1p2_rolling_7;0.18051129986326303;4.8801507234180015;0.43654194685339986;0.10692316528084315;-0.012453017245874332;187.84363377349035;target_ret_prod_rolling_3
0.015990444721102462;qty_speed_ret_style_p2p3_rolling_7;0.1810210413951253;4.821390642563409;0.43958979002033444;0.07974836651218663;-0.019521749203244454;188.16129184454908;target_ret_prod_rolling_3
0.06714480890502475;qty_acc_ret_style_p1p3_rolling_7;0.1806712498006889;4.908379911744147;0.4419280050968735;0.03278898296840003;-0.0249446711613186;188.19425504451283;target_ret_prod_rolling_3
0.11100043824060012;qty_p1_ret_style_rolling_3;0.18143307049749258;4.742552922553744;0.4295190417217879;0.16891746360500545;0.003834905464838001;187.33953757113255;target_ret_prod_rolling_3
0.05392738567684065;qty_p2_ret_style_rolling_3;0.1824268652779388;4.8407020053340615;0.43352295113659856;0.1317118801349623;-0.005451189942542456;187.45579906067456;target_ret_prod_rolling_3
0.029372224517416223;qty_p3_ret_style_rolling_3;0.18187898901083907;4.831358242803476;0.43672062917019144;0.10946476287399644;-0.012867427480831362;187.7705372027653;target_ret_prod_rolling_3
0.07400889559330921;qty_speed_ret_style_p1p2_rolling_3;0.18011605239690268;4.8844513088017125;0.4402497488160597;0.06146729504521451;-0.021052363337364266;188.33488471032757;target_ret_prod_rolling_3
0.02750111719991096;qty_speed_ret_style_p2p3_rolling_3;0.18099450404008033;4.827984175009727;0.440686288064567;0.026762516774860863;-0.02206481009645178;188.23735386425506;target_ret_prod_rolling_3
0.04509544186351468;qty_acc_ret_style_p1p3_rolling_3;0.18058560581267877;4.890331626877658;0.44127070001759755;0.026275259907943625;-0.023420211677961156;188.32079882511093;target_ret_prod_rolling_3
0.11439134089188562;qty_p1_ret_style_rolling_1;0.1801099370109974;4.821211603158434;0.4329199475566767;0.14964373730960653;-0.004052669598042735;187.90898686781756;target_ret_prod_rolling_3
0.07892760609142849;qty_p2_ret_style_rolling_1;0.1812096610370179;4.845527281602214;0.43524888712360654;0.11972849615777059;-0.009454079264439086;187.73658963975433;target_ret_prod_rolling_3
0.05244398497008011;qty_p3_ret_style_rolling_1;0.18229242810813776;4.837337382028013;0.4350861454775687;0.10974340011498017;-0.009076639543582399;187.54246740697687;target_ret_prod_rolling_3
0.06733692545891104;qty_speed_ret_style_p1p2_rolling_1;0.18021116921169184;4.881271721606514;0.44087936079329865;0.05168156564575499;-0.02251259539672179;188.4375417731795;target_ret_prod_rolling_3
0.052627339184371874;qty_speed_ret_style_p2p3_rolling_1;0.18019648553360784;4.849910957818865;0.44275097620577664;0.014816481778334637;-0.02685335276298595;188.48265672879293;target_ret_prod_rolling_3
0.01818219612243151;qty_acc_ret_style_p1p3_rolling_1;0.1810032987780645;4.835108235320286;0.44071802178707964;0.02368963723942162;-0.022138408758247907;188.23976860299857;target_ret_prod_rolling_3
-0.47802967246998607;total_turnover_ret_rolling_7;1.763443734522215;16.185712454343687;9.168306572158897;0.085232777344691;-0.05357984074559142;121.74778325452465;target_ret_style_rolling_3
-0.06810102536480797;total_quantity_ret_rolling_7;1.7373932547674233;16.279405427276007;8.839838899977591;0.0385637320432903;-0.015833838796033062;121.05631093021216;target_ret_style_rolling_3
0.9094709640285549;qty_p1_ret_prod_rolling_7;1.7840703298658294;16.518907299459137;8.196223244498752;0.2574039155702128;0.058127527402162094;121.07717934888258;target_ret_style_rolling_3
0.034562051109315504;qty_p2_ret_prod_rolling_7;1.7487182266436399;16.265056184322148;8.763815830905536;0.060193916655554944;-0.0070976155496211835;120.49801275767203;target_ret_style_rolling_3
-0.13413083524338573;qty_p3_ret_prod_rolling_7;1.745301637763568;16.21001564076526;8.822164828422626;0.01353928716164014;-0.013802815362463416;120.98112496421906;target_ret_style_rolling_3
0.7384430313138569;qty_speed_ret_prod_p1p2_rolling_7;1.761461411484439;16.278456642869166;8.526636282828841;0.18295692148154147;0.02015797287600818;122.95138076564211;target_ret_style_rolling_3
0.11692253008255074;qty_speed_ret_prod_p2p3_rolling_7;1.7490167695370034;16.265035139647253;8.758985168167833;0.04401525678762527;-0.006542497890997145;120.50066441349358;target_ret_style_rolling_3
0.4735035167963188;qty_acc_ret_prod_p1p3_rolling_7;1.7516656406357496;16.239508418641822;8.716953029625136;0.10598450649310226;-0.0017123568520305277;122.04994230101977;target_ret_style_rolling_3
0.897319163156829;qty_p1_ret_prod_rolling_3;1.7718702310227044;16.3755737439614;8.404930080442787;0.21425770364849625;0.03414389277500396;122.47058901028345;target_ret_style_rolling_3
0.21763177131852493;qty_p2_ret_prod_rolling_3;1.753769735468392;16.316995322546926;8.598467946406569;0.15472002107416413;0.011903406770798595;120.21167572764698;target_ret_style_rolling_3
0.02677288949538271;qty_p3_ret_prod_rolling_3;1.7485553634730955;16.25983042047959;8.764280565676533;0.07360338508038;-0.007151020743062508;120.48897360383799;target_ret_style_rolling_3
0.6859242940129242;qty_speed_ret_prod_p1p2_rolling_3;1.7547484843787058;16.567616344076242;8.819527674237452;0.10335597162038507;-0.013499765670072605;123.22364602727794;target_ret_style_rolling_3
0.14497495961822263;qty_speed_ret_prod_p2p3_rolling_3;1.7478280027860107;16.254820071990913;8.746905903466683;0.06100718835707916;-0.005154404061455287;120.78278514671526;target_ret_style_rolling_3
0.45491328384049684;qty_acc_ret_prod_p1p3_rolling_3;1.7511472386213773;16.541124700375413;8.890970008264864;0.04070007126554723;-0.021709591804777384;121.79571580285106;target_ret_style_rolling_3
0.7752029295124149;qty_p1_ret_prod_rolling_1;1.7575221890271289;16.278304696090583;8.56765011564278;0.16626713737316484;0.015444850872028293;123.39407480629762;target_ret_style_rolling_3
0.42211867633629474;qty_p2_ret_prod_rolling_1;1.7565864333990053;16.351218535790373;8.623222945146352;0.12686159233779484;0.009058675584658003;120.14296107238447;target_ret_style_rolling_3
0.2141110319170362;qty_p3_ret_prod_rolling_1;1.752791137248329;16.293321693332068;8.697417028458188;0.0889792458626978;0.0005326310130984169;120.40665157099197;target_ret_style_rolling_3
0.534426348831061;qty_speed_ret_prod_p1p2_rolling_1;1.7488073956791097;16.180020633498906;8.797238494934971;0.08085772025409436;-0.010938395171057103;122.67501217761935;target_ret_style_rolling_3
0.19755649283853663;qty_speed_ret_prod_p2p3_rolling_1;1.74799253340537;16.26378731027382;8.774901453357774;0.03887208371675933;-0.008371524558429932;120.69247633089833;target_ret_style_rolling_3
0.34087058983321084;qty_acc_ret_prod_p1p3_rolling_1;1.7481486276533305;16.207727534613813;8.815870147165041;0.041092110834728184;-0.01307945939430133;121.27454229322754;target_ret_style_rolling_3
1.8528323713689807;qty_p1_ret_style_rolling_7;1.7819347212781746;16.275915446785234;5.7619347711418065;0.5835682203646364;0.3378648204238018;114.93839569623032;target_ret_style_rolling_3
0.3935654716008799;qty_p2_ret_style_rolling_7;1.7611831458304044;16.433294427572314;8.151587462671749;0.30995126003835544;0.06325686721412416;118.39167821415293;target_ret_style_rolling_3
0.17064124624500568;qty_p3_ret_style_rolling_7;1.7545585331651594;16.319422382055293;8.511656574501503;0.24199607994038738;0.021879372415794296;119.60576443972626;target_ret_style_rolling_3
1.5138086592183797;qty_speed_ret_style_p1p2_rolling_7;1.7402623548113967;15.800164055294665;7.756050540022953;0.3498979176279079;0.10871016054517291;123.0269360362813;target_ret_style_rolling_3
0.26194089778544016;qty_speed_ret_style_p2p3_rolling_7;1.7483072002297666;16.29119880928349;8.677819665680252;0.11043344604269277;0.0027846702737959195;120.2953580965501;target_ret_style_rolling_3
1.0523845929770321;qty_acc_ret_style_p1p3_rolling_7;1.742802807508783;15.935995865994657;8.557203883908734;0.19206845218355806;0.016645284025100238;123.92777482760803;target_ret_style_rolling_3
1.8969098905487471;qty_p1_ret_style_rolling_3;1.7553704485680337;15.659054714382467;6.246872294839338;0.549367444288609;0.28213801908185043;114.93428821003555;target_ret_style_rolling_3
0.66745137311292;qty_p2_ret_style_rolling_3;1.7655824948578782;16.520680157313677;7.515063574837228;0.44419784138873036;0.13640327992374446;117.16631893653837;target_ret_style_rolling_3
0.46166994492379476;qty_p3_ret_style_rolling_3;1.761771742434237;16.446289859404416;7.9631260585338515;0.36272221430654256;0.08491398945317052;118.01300323123738;target_ret_style_rolling_3
1.3980728353466334;qty_speed_ret_style_p1p2_rolling_3;1.7312893624964711;15.513345273114172;8.62113933244387;0.18607421253886847;0.009298114822643755;121.97944915290093;target_ret_style_rolling_3
0.26422347223930664;qty_speed_ret_style_p2p3_rolling_3;1.747841838019369;16.26103234602743;8.701843638087707;0.09695415669483105;2.3945288880278248e-05;120.77166662106438;target_ret_style_rolling_3
0.9625052633340505;qty_acc_ret_style_p1p3_rolling_3;1.7391675305774474;15.854544086451746;8.967477681177163;0.07086409459909868;-0.030501503507155636;121.87428139586767;target_ret_style_rolling_3
2.1219566031277926;qty_p1_ret_style_rolling_1;1.7314736073467214;15.293040930790163;6.699516869127746;0.4971618956845842;0.23012217572629382;118.63405257237254;target_ret_style_rolling_3
1.1887695987704434;qty_p2_ret_style_rolling_1;1.751107109095088;16.65159184691746;7.6449260856184;0.37488282584419885;0.12148007438400732;116.86658389538358;target_ret_style_rolling_3
0.7951704142521523;qty_p3_ret_style_rolling_1;1.7675464628617517;16.530086225931058;7.718481908631753;0.35861998795188965;0.11302737576552423;117.71395073089082;target_ret_style_rolling_3
1.502672936684234;qty_speed_ret_style_p1p2_rolling_1;1.7304186535967065;18.258133707411677;8.839649052226163;0.1900082479943297;-0.015812022361106903;125.8087149874235;target_ret_style_rolling_3
0.7889923314822027;qty_speed_ret_style_p2p3_rolling_1;1.735902260776317;16.33642970682304;9.0937402982616;0.033868894662283024;-0.04501102573494675;122.97403531856664;target_ret_style_rolling_3
0.6414666608527585;qty_acc_ret_style_p1p3_rolling_1;1.748268290109931;16.004369283283754;8.764145418078396;0.09854499653218333;-0.0071354901994664655;122.05903020888496;target_ret_style_rolling_3
-0.011553644987113898;total_turnover_ret_rolling_7;0.08237024228998188;4.9129760684555075;0.14788997377518115;0.006414867094253051;-0.00577523583245787;197.01915034268103;target_ret_prod_rolling_1
0.009254746559641142;total_quantity_ret_rolling_7;0.08340613035862438;4.919658829268449;0.14757126873617646;0.00615951811238125;-0.003607775607918029;196.8056327494272;target_ret_prod_rolling_1
0.03759278196800051;qty_p1_ret_prod_rolling_7;0.08349139834222671;4.929032115228722;0.1449275460554861;0.13355801395104885;0.014371744806962017;196.2980881316028;target_ret_prod_rolling_1
0.005535375824513462;qty_p2_ret_prod_rolling_7;0.08213942809046199;4.920066648777365;0.14759091126183763;0.046388898177979226;-0.003741361174098845;196.99021785014705;target_ret_prod_rolling_1
-0.004192642411707937;qty_p3_ret_prod_rolling_7;0.08191406227347883;4.916689251626933;0.14782254412291126;-0.01188929418131587;-0.005316657926987878;197.07003920705768;target_ret_prod_rolling_1
0.02830713531664866;qty_speed_ret_prod_p1p2_rolling_7;0.08251585758556576;4.919014342738966;0.14660769954377745;0.08560579341770962;0.0029452989987436284;196.74164138230262;target_ret_prod_rolling_1
0.007353824210014646;qty_speed_ret_prod_p2p3_rolling_7;0.08206873613101112;4.9188150564954665;0.1475568455774421;0.048659724031764925;-0.0035096860924006545;196.9951337810949;target_ret_prod_rolling_1
0.01681694118714795;qty_acc_ret_prod_p1p3_rolling_7;0.08212945471811627;4.9175570833522775;0.14761805795277416;0.03592162571377129;-0.003925981326376782;196.99702431046387;target_ret_prod_rolling_1
0.03791389408676851;qty_p1_ret_prod_rolling_3;0.08300919893821186;4.923220663836158;0.14606295811321343;0.10100550090986975;0.006649995313222079;196.53645998903104;target_ret_prod_rolling_1
0.004890671361977279;qty_p2_ret_prod_rolling_3;0.08212629458729324;4.919463954118433;0.14741693854142035;0.09310521910283588;-0.002558201495051815;196.9779674186333;target_ret_prod_rolling_1
0.003851430742117498;qty_p3_ret_prod_rolling_3;0.08210100364878467;4.919105338539932;0.1476322663414887;0.0512335364852282;-0.00402261022653394;197.00647453590872;target_ret_prod_rolling_1
0.030935446110320144;qty_speed_ret_prod_p1p2_rolling_3;0.08230555770538407;4.9172345283684145;0.14781363272414538;0.03758641185116332;-0.005256052978819037;196.9271084610104;target_ret_prod_rolling_1
0.0009799444606659715;qty_speed_ret_prod_p2p3_rolling_3;0.08199230483054189;4.918025594579231;0.14779545648306927;0.03148276543944995;-0.00513243937143093;197.05558913889578;target_ret_prod_rolling_1
0.023065091146809276;qty_acc_ret_prod_p1p3_rolling_3;0.0821618998728172;4.9173843106275505;0.148195425589382;0.010062534157010932;-0.00785256306851756;197.01228045410284;target_ret_prod_rolling_1
0.0339085768090314;qty_p1_ret_prod_rolling_1;0.08241743979949524;4.916968961683746;0.14693586571723963;0.07302033281474477;0.0007134951645776377;196.7544314646031;target_ret_prod_rolling_1
0.0207194107952811;qty_p2_ret_prod_rolling_1;0.08242346111746005;4.922868073153883;0.14676458745838253;0.08403571702026447;0.001878330256487648;196.82964182593116;target_ret_prod_rolling_1
0.0024484351844612086;qty_p3_ret_prod_rolling_1;0.08204919863140474;4.918478117854052;0.1477599919859257;0.02495398456661341;-0.0048912511957368565;197.04244492152034;target_ret_prod_rolling_1
0.02240548199438645;qty_speed_ret_prod_p1p2_rolling_1;0.08203440763123558;4.914981753128344;0.14792917941355266;0.02108780366721386;-0.006041866890483583;197.01245214094726;target_ret_prod_rolling_1
0.014910338247454675;qty_speed_ret_prod_p2p3_rolling_1;0.08200675945589372;4.918882310051441;0.14746018168543398;0.04997161175219968;-0.0028522909607417986;196.98749684915035;target_ret_prod_rolling_1
0.011432470785125149;qty_acc_ret_prod_p1p3_rolling_1;0.08200385209794897;4.916516276945583;0.14802469431863025;-0.007645039310556162;-0.006691447952185348;197.06633561654968;target_ret_prod_rolling_1
0.06924228854178059;qty_p1_ret_style_rolling_7;0.08326781607342978;4.8432785206253595;0.14500051531893862;0.13277648967976904;0.013875492922645338;196.2150321607719;target_ret_prod_rolling_1
0.009509798241455172;qty_p2_ret_style_rolling_7;0.08231552361644372;4.9223836754215835;0.1471956014210177;0.08191771024783488;-0.0010529243705197366;196.9063083975516;target_ret_prod_rolling_1
0.00036633114687029854;qty_p3_ret_style_rolling_7;0.0820066171447719;4.918152204442128;0.14780841197017153;0.02689636868626992;-0.005220547495078165;197.05415547328008;target_ret_prod_rolling_1
0.059624954922653274;qty_speed_ret_style_p1p2_rolling_7;0.08169528096763241;4.836526461797854;0.1475995017675711;0.06891723907557153;-0.003799783781862187;196.88737561202618;target_ret_prod_rolling_1
0.009118891743713881;qty_speed_ret_style_p2p3_rolling_7;0.08200981860323203;4.919365495549782;0.14743010929120104;0.06975209054998906;-0.0026477735845493733;196.98707976960776;target_ret_prod_rolling_1
0.04200282675569746;qty_acc_ret_style_p1p3_rolling_7;0.08179272171566332;4.871124336363175;0.1487655200805787;0.010800836160513742;-0.011729681352423471;197.09959965876527;target_ret_prod_rolling_1
0.07190589693670515;qty_p1_ret_style_rolling_3;0.08227913855642283;4.787345788191427;0.14540044383121015;0.12622599398848955;0.011155645298914663;196.5778486535128;target_ret_prod_rolling_1
0.02077787117946712;qty_p2_ret_style_rolling_3;0.08254572750641065;4.926365676005388;0.14663046113932118;0.09665192975551555;0.002790501154498193;196.7825515282856;target_ret_prod_rolling_1
0.017385190362744583;qty_p3_ret_style_rolling_3;0.08251830270056089;4.925316711458179;0.14671563890592293;0.09445311895733524;0.0022112212607725557;196.76610331875335;target_ret_prod_rolling_1
0.05536946892636179;qty_speed_ret_style_p1p2_rolling_3;0.08133827984922344;4.810524711018164;0.14792197263473766;0.04748034045375979;-0.0059928547804857235;197.12419313420725;target_ret_prod_rolling_1
0.005886925145360263;qty_speed_ret_style_p2p3_rolling_3;0.08199307315507641;4.918204644544895;0.1478261784328954;0.004963715437069956;-0.005341374267711085;197.06826551015794;target_ret_prod_rolling_1
0.04010273341945868;qty_acc_ret_style_p1p3_rolling_3;0.08163250138334656;4.85877622350418;0.14807708432701175;0.0288478961844731;-0.007047743728633815;197.05214177541646;target_ret_prod_rolling_1
0.08040593559387606;qty_p1_ret_style_rolling_1;0.08137352111448347;4.618589043672788;0.1456925013746735;0.12550213013956477;0.00916941028138707;196.7484359535534;target_ret_prod_rolling_1
0.05012620828668703;qty_p2_ret_style_rolling_1;0.08213162270082416;4.934848767584051;0.14642875915609652;0.09639749251817144;0.00416224296070089;196.79538809260572;target_ret_prod_rolling_1
0.02196332254919007;qty_p3_ret_style_rolling_1;0.08253756483533248;4.925683317918821;0.1472058622649642;0.056685079719380076;-0.0011227066720287395;196.8704638469551;target_ret_prod_rolling_1
0.05226045917015489;qty_speed_ret_style_p1p2_rolling_1;0.08138766724886431;4.67285115301934;0.14813342429117243;0.046555153482739746;-0.007430902500618286;197.06832828744314;target_ret_prod_rolling_1
0.041269609667407836;qty_speed_ret_style_p2p3_rolling_1;0.08136985839335788;4.922413590380717;0.14813366161311609;0.03836949703505368;-0.007432516487880125;197.08648076839813;target_ret_prod_rolling_1
0.013851159608765316;qty_acc_ret_style_p1p3_rolling_1;0.08200225163949165;4.870602466101812;0.14789445408330698;0.007434869385872363;-0.005805705666530159;197.05774890415378;target_ret_prod_rolling_1
-0.3243199087365855;total_turnover_ret_rolling_7;0.789843293278734;8.322464350640082;2.190769031180214;0.03875027559521019;-0.06527208445681731;155.31498004166752;target_ret_style_rolling_1
-0.1037250627821994;total_quantity_ret_rolling_7;0.7633805911007676;8.300736846604158;2.0803635992004277;0.006667204918030593;-0.011586906792468987;157.0541000850983;target_ret_style_rolling_1
0.5195344346383832;qty_p1_ret_prod_rolling_7;0.799948995522547;8.85094211283571;2.0588977122279744;0.21096079913750554;-0.0011490149679980188;154.35141082668446;target_ret_style_rolling_1
-0.03717763847872688;qty_p2_ret_prod_rolling_7;0.7782391867150893;8.206943982260507;2.062530856644243;0.024750538890633784;-0.002915649090704298;153.90002514645764;target_ret_style_rolling_1
-0.09036987627391617;qty_p3_ret_prod_rolling_7;0.7775465145626934;8.192348759677532;2.0658379333840107;-0.007313103284425983;-0.004523731221632188;153.9777350661077;target_ret_style_rolling_1
0.45255283351441644;qty_speed_ret_prod_p1p2_rolling_7;0.7876020312724229;8.588340149751499;2.0733634604779683;0.16506953628904222;-0.008183055331073996;156.0010219360458;target_ret_style_rolling_1
0.028572166408654683;qty_speed_ret_prod_p2p3_rolling_7;0.7795264075655306;8.22390743437484;2.056502076765277;0.026602326813239978;1.5874414052263752e-05;153.28917905731694;target_ret_style_rolling_1
0.31020045961961434;qty_acc_ret_prod_p1p3_rolling_7;0.7817621901464514;8.383067072727048;2.0770396031297973;0.10200746514069624;-0.009970597554712857;155.38328366225392;target_ret_style_rolling_1
0.5507290601296643;qty_p1_ret_prod_rolling_3;0.794002762153442;8.90539070472307;2.080413772986097;0.18747205002325562;-0.011611304039501391;154.86464676812824;target_ret_style_rolling_1
0.052905535054081666;qty_p2_ret_prod_rolling_3;0.7806802876683027;8.236522454535887;2.0449372629575318;0.0987535807120647;0.005639321311461942;153.01471271558785;target_ret_style_rolling_1
-0.0016919681832557245;qty_p3_ret_prod_rolling_3;0.7791808264772851;8.220289216543582;2.058152578929844;0.06013162064243918;-0.0007866902818260968;153.4758816941306;target_ret_style_rolling_1
0.4575913365233566;qty_speed_ret_prod_p1p2_rolling_3;0.7838652086259199;8.987280244534878;2.1274223647178117;0.11066129045097353;-0.03446946014299801;156.82937708203008;target_ret_style_rolling_1
0.04099103605670959;qty_speed_ret_prod_p2p3_rolling_3;0.7792370481926253;8.221511683374175;2.0561160140798806;0.029030979499738454;0.00020359927036972536;153.53050067148965;target_ret_style_rolling_1
0.3290272727527508;qty_acc_ret_prod_p1p3_rolling_3;0.7816508259635101;8.85887252716097;2.1204982799380874;0.06207220203199913;-0.03110259028073825;155.56154290466517;target_ret_style_rolling_1
0.5115874344385302;qty_p1_ret_prod_rolling_1;0.7856458106578421;8.897937801459218;2.06525509206105;0.1631621614743346;-0.004240321796822322;153.75271356245764;target_ret_style_rolling_1
0.23405082480833067;qty_p2_ret_prod_rolling_1;0.7841013624067937;8.27567292234224;2.041470883807983;0.11382846816727034;0.007324865013057957;154.14017319673937;target_ret_style_rolling_1
0.06765084246687293;qty_p3_ret_prod_rolling_1;0.7808061921997446;8.233763686845558;2.0554678003365097;0.04029302609120411;0.0005187963521919858;153.14448702055807;target_ret_style_rolling_1
0.3718611389822546;qty_speed_ret_prod_p1p2_rolling_1;0.7799307675402514;8.628372054437865;2.100130983582218;0.08477848252680119;-0.021198893480679715;155.76459476025352;target_ret_style_rolling_1
0.1425653700722152;qty_speed_ret_prod_p2p3_rolling_1;0.779368790741961;8.229132057543948;2.053576903578735;0.06306098197187998;0.001438254086886026;154.11223174566592;target_ret_style_rolling_1
0.23498177214158875;qty_acc_ret_prod_p1p3_rolling_1;0.7794701264706547;8.414092052137242;2.0934307705973216;0.03280330550912465;-0.017940882366253685;154.76311226151088;target_ret_style_rolling_1
1.0504611065523544;qty_p1_ret_style_rolling_7;0.7985822361558881;7.230460362015831;1.810357558207181;0.41930820077502756;0.11970484236552281;155.8855414684102;target_ret_style_rolling_1
0.09671791511906126;qty_p2_ret_style_rolling_7;0.7825179507569872;8.265274517826233;2.01522052715682;0.18390142749856975;0.02008922846238703;152.32712397952605;target_ret_style_rolling_1
0.009105744627614699;qty_p3_ret_style_rolling_7;0.7795894026841497;8.224358361037334;2.0540211852543298;0.12952859499266603;0.0012222199637489384;153.32174826399208;target_ret_style_rolling_1
0.9324815905327395;qty_speed_ret_style_p1p2_rolling_7;0.7745866097577445;7.070954955634191;1.9823972422811014;0.28782393515503846;0.03604971019306058;159.4188002911467;target_ret_style_rolling_1
0.08874750191790184;qty_speed_ret_style_p2p3_rolling_7;0.779401065626373;8.233983860838674;2.0454619382034482;0.08090491648259458;0.005384195424193439;153.1837528001048;target_ret_style_rolling_1
0.6817072011409655;qty_acc_ret_style_p1p3_rolling_7;0.7759926785837352;7.529361168137308;2.1047857184222702;0.16358997797592198;-0.023462280909972044;157.95321162728357;target_ret_style_rolling_1
1.1816896129114896;qty_p1_ret_style_rolling_3;0.7839457376519046;7.295711348928973;1.7552192326044398;0.4117109385634877;0.14651612105912726;156.91891290720815;target_ret_style_rolling_1
0.212723214353859;qty_p2_ret_style_rolling_3;0.7848966427700949;8.306338035848345;1.9426223088298014;0.28011939041584116;0.0553904648156377;151.95162816517757;target_ret_style_rolling_1
0.1777725104374493;qty_p3_ret_style_rolling_3;0.7846093143942107;8.295507733923934;1.9574130233110518;0.2623126044999498;0.04819840804388431;151.97954261279443;target_ret_style_rolling_1
0.9774706907909403;qty_speed_ret_style_p1p2_rolling_3;0.7676863058844738;7.739863071690893;2.0938545311735735;0.18556197113934333;-0.018146938005141333;161.00854916206876;target_ret_style_rolling_1
0.060438200235782114;qty_speed_ret_style_p2p3_rolling_3;0.7792386119495982;8.222791259612546;2.0565540478832416;0.026264120580787028;-9.396794540705855e-06;153.49313306740422;target_ret_style_rolling_1
0.7268022094202465;qty_acc_ret_style_p1p3_rolling_3;0.7727113975645501;7.693702608167142;2.1507195882330907;0.1090057742662805;-0.045797848258292584;158.62432896248905;target_ret_style_rolling_1
1.4194498201276486;qty_p1_ret_style_rolling_1;0.7683084777345623;7.731101327038159;1.727299825235873;0.4390763993587744;0.16009206852826308;160.8164035104661;target_ret_style_rolling_1
0.7381966289577143;qty_p2_ret_style_rolling_1;0.7812833184298712;7.4687828105498095;1.9036546469211595;0.2814743096199862;0.07433867972876551;155.25754015840832;target_ret_style_rolling_1
0.28801682134070017;qty_p3_ret_style_rolling_1;0.7863815810952061;8.321423261007492;1.9943561769568283;0.18097449568460655;0.030234620108903543;152.35679099839706;target_ret_style_rolling_1
1.0576960045994874;qty_speed_ret_style_p1p2_rolling_1;0.7669955017257688;9.047275008180396;2.2131081974785247;0.20748147742432593;-0.07613461259599273;161.29597117219285;target_ret_style_rolling_1
0.6322765491580784;qty_speed_ret_style_p2p3_rolling_1;0.7696954631036176;7.288269367532467;2.1718479815522644;0.09913243205815983;-0.05607163215426758;160.04247474032806;target_ret_style_rolling_1
0.40446855108253293;qty_acc_ret_style_p1p3_rolling_1;0.779524975155117;8.6950409647117;2.1075881509613663;0.07307149492546929;-0.024824977346695087;155.5215808190147;target_ret_style_rolling_1
